{"jsonVersion":"1","domainDownload":"http:\/\/d1.flin-rp.com","urlUpdateClient":"\/beta\/","nameUpdateClientFull":"flinrp_full.apk","nameUpdateClientFilesFull":"files_full.zip","checksumUpdateClientFilesFull":"deb0aee6ada48d2d548388fbcba52260ef734a6c","verNameClientFull":"12345","nameUpdateClientLite":"flinrp_lite.apk","nameUpdateClientFilesLite":"files_lite.zip","checksumUpdateClientFilesLite":"files_lite.zip","verNameClientLite":"12374","nameInstallClientFull":"flinrp_full.apk","checksumInstallClientFull":"deb0aee6ada48d2d548388fbcba52260ef734a6c","nameInstallFilesGTAFull":"gta_full.zip","checksumInstallFilesGTAFull":"deb0aee6ada48d2d548388fbcba52260ef734a6c","nameInstallFilesAPKFull":"files_full.zip","checksumInstallFilesAPKFull":"deb0aee6ada48d2d548388fbcba52260ef734a6c","nameInstallClientLite":"flinrp_lite.apk","nameInstallFilesAPKLite":"files_lite.zip","checksumInstallFilesAPKLite":"deb0aee6ada48d2d548388fbcba52260ef734a6c","nameInstallFilesAdreno":"lite_adreno.zip","checksumInstallFilesAdreno":"deb0aee6ada48d2d548388fbcba52260ef734a6c","nameInstallFilesPower":"lite_power.zip","checksumInstallFilesPower":"deb0aee6ada48d2d548388fbcba52260ef734a6c","nameInstallFilesMali":"lite_mali.zip","checksumInstallFilesMail":"deb0aee6ada48d2d548388fbcba52260ef734a6c","statusBeta":"1","urlUpdateBetaClient":"\/beta\/"}
