{
	"jsonVersion": "1",
	"checkReleaseClient": "2",
	"checkCountDownloadsFiles": "1",
	"checkCountDownloadsFilesCurrent": "1",
	"checkReleasePackageName": "com.flin.sa",
	"checkFilesGameURL": "https:\/\/d1.flin-rp.com\/client\/filesgame\/f\/",
	"checkFilesGame1": "files.z01",
	"checkFilesGame2": "files.z02",
	"checkFilesGame3": "files.zip",
	"checkFilesGame4": "",
	"checkFilesGame5": "",
	"checkFilesGame6": "",
	"checkFilesGame7": "",
	"checkFilesGame8": "",
	"checkFilesGame9": "",
	"checkFilesGame10": "",
	"checkFilesGame11": "",
	"checkFilesGame12": "",
	"checkFilesGame13": "",
	"checkFilesGame14": "",
	"checkFilesGameArchive": "files.zip",
	"checkFilesGameArchiveVersion": "1",
	"checkFilesClientURL": "https:\/\/d1.flin-rp.com\/client\/filesclient\/",
	"checkFilesClient1": "files_samp.zip",
	"checkFilesClient2": "",
	"checkFilesClient3": "",
	"checkFilesClientVersion": "2",
	"checkFilesClientBetaURL": "https:\/\/d1.flin-rp.com\/client\/filesclient\/",
	"checkFilesClientBeta": "files_samp.zip",
	"checkFilesClientBetaVersion": "1",
	"checkFilesTexctureURL": "https:\/\/d1.flin-rp.com\/client\/filestexture\/t\/",
	"checkFilesTexcture1": "files_texture.zip",
	"checkFilesTexcture2": "",
	"checkFilesTexcture3": "",
	"checkFilesTexcture4": "",
	"checkFilesTexcture5": "",
	"checkFilesTexctureVersion": "9",
	"checkFilesTexctureURLBeta": "https:\/\/d1.flin-rp.com\/client\/filestexture\/new\/",
	"checkFilesTexctureBeta": "files_texture.zip",
	"checkFilesPatchUpdateURL": "",
	"checkFilesPatchUpdate1": "",
	"checkFilesPatchUpdate2": "",
	"checkFilesPatchUpdate3": "",
	"checkFilesPatchUpdate4": "",
	"checkFilesPatchUpdate5": "",
	"checkFilesPatchUpdateVersion": "1",
	"checkDownLoadAPK": "https:\/\/d1.flin-rp.com\/client\/apk\/",
	"checkDownLoadAPKName": "flinRelease33.apk",
	"checkDownLoadAPKVersion": "9",
	"checkDownLoadBetaAPK": "https:\/\/d1.flin-rp.com\/client\/apk\/",
	"checkDownLoadAPKBetaName": "flinRelease33.apk",
	"checkDownLoadBetaVersion": "1",
	"PayMethodServer1": "https://flin-rp.com/donate?sum=",
	"PayMethodServer2": "https://flin-rp.com/donate?sum=",
	"donatetype": "2",
	"urlMonitoring": "https://flin-rp.com/app/monitoring.php",
	
	"contactTelegram": "https://t.me/flingta",
	"contactVK": "https://vk.com/flin_rp",
	"contactDiscord": "https://discord.gg/wjTcRcgdm9",
	"contactYouTube": "http://youtube.com",
	"contactForum": "https://forum.flin-rp.com/",
	"contactSite": "https://flin-rp.com/",
	
	"urlUpdateAPK": "flinRelease34.apk",
	"verClient": "20",
	"verLauncher": "10"
	
	


}
