{"jsonVersion":"1","domainDownload":"http:\/\/d1.flin-rp.com","urlUpdateClient":"\/beta\/","nameUpdateClientFull":"flinrp_full.apk","nameUpdateClientFilesFull":"files_full.zip","checksumUpdateClientFilesFull":"deb0aee6ada48d2d548388fbcba52260ef734a6c","verNameClientFull":"12345","nameUpdateClientLite":"flinrp_lite.apk","nameUpdateClientFilesLite":"files_lite.zip","checksumUpdateClientFilesLite":"files_lite.zip","verNameClientLite":"12374","nameInstallClientFull":"flinrp_full.apk","checksumInstallClientFull":"deb0aee6ada48d2d548388fbcba52260ef734a6c","nameInstallFilesGTAFull":"gta_full.zip","checksumInstallFilesGTAFull":"deb0aee6ada48d2d548388fbcba52260ef734a6c","nameInstallFilesAPKFull":"files_full.zip","checksumInstallFilesAPKFull":"deb0aee6ada48d2d548388fbcba52260ef734a6c","nameInstallClientLite":"flinrp_lite.apk","nameInstallFilesAPKLite":"files_lite.zip","checksumInstallFilesAPKLite":"deb0aee6ada48d2d548388fbcba52260ef734a6c","nameInstallFilesAdreno":"lite_adreno.zip","checksumInstallFilesAdreno":"deb0aee6ada48d2d548388fbcba52260ef734a6c","nameInstallFilesPower":"lite_power.zip","checksumInstallFilesPower":"deb0aee6ada48d2d548388fbcba52260ef734a6c","nameInstallFilesMali":"lite_mali.zip","checksumInstallFilesMail":"deb0aee6ada48d2d548388fbcba52260ef734a6c","statusBeta":"1","urlUpdateBetaClient":"\/beta\/","checkReleaseClient":"2","checkCountDownloadsFiles":"1","checkCountDownloadsFilesCurrent":"1","checkReleasePackageName":"com.flin.sa","checkFilesGameURL":"https:\/\/d1.flin-rp.com\/client\/filesgame\/f\/","checkFilesGame1":"files.z01","checkFilesGame2":"files.z02","checkFilesGame3":"files.zip","checkFilesGame4":"","checkFilesGame5":"","checkFilesGame6":"","checkFilesGame7":"","checkFilesGame8":"","checkFilesGame9":"","checkFilesGame10":"","checkFilesGame11":"","checkFilesGame12":"","checkFilesGame13":"","checkFilesGame14":"","checkFilesGameArchive":"files.zip","checkFilesGameArchiveVersion":"1","checkFilesClientURL":"https:\/\/d1.flin-rp.com\/client\/filesclient\/","checkFilesClient1":"files_samp.zip","checkFilesClient2":"","checkFilesClient3":"","checkFilesClientVersion":"2","checkFilesClientBetaURL":"https:\/\/d1.flin-rp.com\/client\/filesclient\/","checkFilesClientBeta":"files_samp.zip","checkFilesClientBetaVersion":"1","checkFilesTexctureURL":"https:\/\/d1.flin-rp.com\/client\/filestexture\/new\/","checkFilesTexcture1":"files_texture.zip","checkFilesTexcture2":"","checkFilesTexcture3":"","checkFilesTexcture4":"","checkFilesTexcture5":"","checkFilesTexctureVersion":"2","checkFilesTexctureURLBeta":"https:\/\/d1.flin-rp.com\/client\/filestexture\/new\/","checkFilesTexctureBeta":"files_texture.zip","checkFilesPatchUpdateURL":"","checkFilesPatchUpdate1":"","checkFilesPatchUpdate2":"","checkFilesPatchUpdate3":"","checkFilesPatchUpdate4":"","checkFilesPatchUpdate5":"","checkFilesPatchUpdateVersion":"1","checkDownLoadAPK":"https:\/\/d1.flin-rp.com\/client\/apk\/","checkDownLoadAPKName":"flinRelease21.apk","checkDownLoadAPKVersion":"9","checkDownLoadBetaAPK":"https:\/\/d1.flin-rp.com\/client\/apk\/","checkDownLoadAPKBetaName":"flinRelease21.apk","checkDownLoadBetaVersion":"2","PayMethodServer1":"https://unitpay.ru/pay/182051-6b933?sum=","PayMethodServer2":"https://unitpay.ru/pay/203041-490e1?sum="}
